shop,shop_url,website,category
DeltaLoom,https://www.etsy.com/shop/DeltaLoom,,lamp
ModCre8tor,https://www.etsy.com/shop/ModCre8tor,,lamp
3DecoStudio,https://www.etsy.com/shop/3DecoStudio,,lamp
Araito,https://www.etsy.com/shop/Araito,,lamp
Olee3DArt,https://www.etsy.com/shop/Olee3DArt,,lamp
SoliWorkshop,https://www.etsy.com/shop/SoliWorkshop,,lamp
XeonCrafts,https://www.etsy.com/shop/XeonCrafts,,lamp & household
LitArtifactz,https://www.etsy.com/shop/LitArtifactz,,lamp
RacconPrint,https://www.etsy.com/shop/RacconPrint,,board games
StoreAllTheBits,https://www.etsy.com/shop/StoreAllTheBits,,board games
BoardgamePrintshop,https://www.etsy.com/shop/BoardgamePrintshop,,board games
BoardGeekFox,https://www.etsy.com/shop/BoardGeekFox,,board games
PRINTserts,https://www.etsy.com/shop/PRINTserts,,board games
Prinsert,https://www.etsy.com/shop/Prinsert,,board games
PrintablesByCaren,https://www.etsy.com/shop/PrintablesByCaren,,board games
BoardGameHolic,https://www.etsy.com/shop/BoardGameHolic,,board games
TaylorJaneDesignCo,https://www.etsy.com/shop/TaylorJaneDesignCo,,board games
MouseDenGames,https://www.etsy.com/shop/MouseDenGames,,board games
LevityGames,https://www.etsy.com/shop/LevityGames,levity.games,board games
ForgeMachine,https://www.etsy.com/shop/ForgeMachine,,board games
BoardGameBoss,https://www.etsy.com/shop/BoardGameBoss,,board games
BoardGameUp,https://www.etsy.com/shop/BoardGameUp,,board games
GameMaker3D,https://www.etsy.com/shop/GameMaker3D,gamemaker.eu,board games
BGExpansions,https://www.etsy.com/shop/BGExpansions,,board games
PimpmyboardgameDE,https://www.etsy.com/shop/PimpmyboardgameDE,,board games
3dBitSpace,https://www.etsy.com/shop/3dBitSpace,,board games
BeyondTheBoardEU,https://www.etsy.com/shop/BeyondTheBoardEU,,board games
Buzz3DPrint,https://www.etsy.com/shop/Buzz3DPrint,,board games
MeltedMeeple,https://www.etsy.com/shop/MeltedMeeple,,board games
ChihuahuaPrint3D,https://www.etsy.com/shop/ChihuahuaPrint3D,,board games
EvilMachine,https://www.etsy.com/shop/EvilMachine,,board games
TabletopTerrain3D,https://www.etsy.com/shop/TabletopTerrain3D,,board games
TinkerStudio3D,https://www.etsy.com/shop/TinkerStudio3D,,board games
TPRINTR,https://www.etsy.com/shop/TPRINTR,,board games
BKPrint3D,https://www.etsy.com/shop/BKPrint3D,,board games
KnyteTechnologies,https://www.etsy.com/shop/KnyteTechnologies,,board games
FeldherrGermany,https://www.etsy.com/shop/FeldherrGermany,,board games
TopoCoArt,https://www.etsy.com/shop/TopoCoArt,,board games
LuckyPlayer,https://www.etsy.com/shop/LuckyPlayer,,board games
Casiopea3D,https://www.etsy.com/shop/Casiopea3D,,board games
Levytek,https://www.etsy.com/shop/Levytek,,board games
DorkyDesignsDigital,https://www.etsy.com/shop/DorkyDesignsDigital,,board games
R2D3Productions,https://www.etsy.com/shop/R2D3Productions,r2d3productions.com,"nintendo, switch, game holders, organizers"
ZJH3D,https://www.etsy.com/shop/ZJH3D,,"nintendo, switch, game holders, organizers"
Emily3DPrint,https://www.etsy.com/shop/Emily3DPrint,,"nintendo, switch, game holders, organizers"
3DPrintsByTrey,https://www.etsy.com/shop/3DPrintsByTrey,3dprintsbytrey.com,"nintendo, switch, game holders, organizers"
3DPropDen,https://www.etsy.com/shop/3DPropDen,3dprintden.ca,"nintendo, switch, game holders, organizers"
TheBearandWolfStudio,https://www.etsy.com/shop/TheBearandWolfStudio,,"nintendo, switch, game holders, organizers"
MS3DDruck24,https://www.etsy.com/shop/MS3DDruck24,,"nintendo, switch, game holders, organizers"
wookieeprint,https://www.etsy.com/shop/wookieeprint,,"nintendo, switch, game holders, organizers"
DVAMakerStudios,https://www.etsy.com/shop/DVAMakerStudios,,"nintendo, switch, game holders, organizers"
MisfitToysStore,https://www.etsy.com/shop/MisfitToysStore,,"nintendo, switch, game holders, organizers"
MFHDruck,https://www.etsy.com/shop/MFHDruck,,various
LP3Dforge,https://www.etsy.com/shop/LP3Dforge,,"nintendo, switch, game holders, organizers"
Lifeis3DShop,https://www.etsy.com/shop/Lifeis3DShop,,"nintendo, switch, game holders, organizers"
MurrayAndSons3D,https://www.etsy.com/shop/MurrayAndSons3D,,"nintendo, switch, game holders, organizers"
kingscreationsusa,https://www.etsy.com/shop/kingscreationsusa,,various
FunksCollectibles,https://www.etsy.com/shop/FunksCollectibles,,various
MysticMesh3D,https://www.etsy.com/shop/MysticMesh3D,,"nintendo, switch, game holders, organizers"
SesameSeedPrints,https://www.etsy.com/shop/SesameSeedPrints,,various
ThePrintingHall,https://www.etsy.com/shop/ThePrintingHall,,displays and holders
Dancyn3DPrints,https://www.etsy.com/shop/Dancyn3DPrints,,various
CelticForge3D,https://www.etsy.com/shop/CelticForge3D,,"nintendo, switch, game holders, organizers"
luusprints,https://www.etsy.com/shop/luusprints,,"nintendo, switch, game holders, organizers"
ThreeDePrinting,https://www.etsy.com/shop/ThreeDePrinting,,"nintendo, switch, game holders, organizers"
TrophyBit,https://www.etsy.com/shop/TrophyBit,,"nintendo, switch, game holders, organizers"
3Dreativity,https://www.etsy.com/shop/3Dreativity,,"nintendo, switch, game holders, organizers"
zombyte,https://www.etsy.com/shop/zombyte,,"nintendo, switch, game holders, organizers"
PauseButtonPrintShop,https://www.etsy.com/shop/PauseButtonPrintShop,,controller stands
3DBitsNBobsCo,https://www.etsy.com/shop/3DBitsNBobsCo,,"nintendo, switch, game holders, organizers"
Zoltan3Design,https://www.etsy.com/shop/Zoltan3Design,,"nintendo, switch, game holders, organizers"
LostTravelerLee3D,https://www.etsy.com/shop/LostTravelerLee3D,,"nintendo, switch, game holders, organizers"
Maverick3D,https://www.etsy.com/shop/Maverick3D,,key holders
QuantumQuill3D,https://www.etsy.com/shop/QuantumQuill3D,,"nintendo, switch, game holders, organizers"
LA3DPrintShop,https://www.etsy.com/shop/LA3DPrintShop,,"nintendo, switch, game holders, organizers"
3DPrintedKeycap,https://www.etsy.com/shop/3DPrintedKeycap,,"various, stls too"
PersonalLoot,https://www.etsy.com/shop/PersonalLoot,,holders
3DPrintHaus,https://www.etsy.com/shop/3DPrintHaus,,"nintendo, switch, game holders, organizers"
Krasivoe,https://www.etsy.com/shop/Krasivoe,,"nintendo, switch, game holders, organizers"
KYPEX,https://www.etsy.com/shop/KYPEX,,"nintendo, switch, game holders, organizers"
Webspiner3D,https://www.etsy.com/shop/Webspiner3D,,grips and holders
3DHudarus,https://www.etsy.com/shop/3DHudarus,,planters
TubieTools,https://www.etsy.com/shop/TubieTools,,vial holders
BadKittyCeramics,https://www.etsy.com/shop/BadKittyCeramics,,ceramic tools
DesireNorth,https://www.etsy.com/shop/DesireNorth,,deco
Migz3DPrints,https://www.etsy.com/shop/Migz3DPrints,,clickers
Durham3DPrints,https://www.etsy.com/shop/Durham3DPrints,,
NovoLabz,https://www.etsy.com/shop/NovoLabz,,
HiddenOutpostDesigns,https://www.etsy.com/shop/HiddenOutpostDesigns,,star wars related
804FAB,https://www.etsy.com/shop/804FAB,,skadis
EightSixtyConcepts,https://www.etsy.com/shop/EightSixtyConcepts,,car
VialGuard,https://www.etsy.com/shop/VialGuard,,vial holders
LewisAndBuckCo,https://www.etsy.com/shop/LewisAndBuckCo,,
Jonhofuncreates,https://www.etsy.com/shop/Jonhofuncreates,,ikea
3DTECHNO,https://www.etsy.com/shop/3DTECHNO,,supports
GroovyGiftCo,https://www.etsy.com/shop/GroovyGiftCo,,
MaverlyDesigns,https://www.etsy.com/shop/MaverlyDesigns,,clay cutters
MaelstromAquatics,https://www.etsy.com/shop/MaelstromAquatics,,holders
Crafty3DPrintsStore,https://www.etsy.com/shop/Crafty3DPrintsStore,,
PENCILSTASH,https://www.etsy.com/shop/PENCILSTASH,,skadis
Creations3DArantxita,https://www.etsy.com/shop/Creations3DArantxita,,
HopShop3DProps,https://www.etsy.com/shop/HopShop3DProps,hopshop3dprops.com,props
Jettisonable,https://www.etsy.com/shop/Jettisonable,,props for starwars
3DPRINTSELLER,https://www.etsy.com/shop/3DPRINTSELLER,,car related
NewJerseyAquatics,https://www.etsy.com/shop/NewJerseyAquatics,,fishtank related
NewGroundDesigns,https://www.etsy.com/shop/NewGroundDesigns,,holders and organisers
Allen3DPrintingHouse,https://www.etsy.com/shop/Allen3DPrintingHouse,,
LoonarCreative,https://www.etsy.com/shop/LoonarCreative,,for geeks
DoublePlusThink,https://www.etsy.com/shop/DoublePlusThink,,
LifeHackProducts,https://www.etsy.com/shop/LifeHackProducts,,ikea and bookshelves
3DPrintersaur,https://www.etsy.com/shop/3DPrintersaur,,fidgets
XOHODesign,https://www.etsy.com/shop/XOHODesign,,ikea and small holders
3DDesignSupply,https://www.etsy.com/shop/3DDesignSupply,,various wall heads
AuraPrintDE,https://www.etsy.com/shop/AuraPrintDE,,
Filamentality3D,https://www.etsy.com/shop/Filamentality3D,,
EnigmaticProps,https://www.etsy.com/shop/EnigmaticProps,,
DSDesignLV,https://www.etsy.com/shop/DSDesignLV,,acoustic panel supports and design stuff
ScaleMax,https://www.etsy.com/shop/ScaleMax,,skadis
FALichtundHolzdesign,https://www.etsy.com/shop/FALichtundHolzdesign,,hooks
OptimumSolutions,https://www.etsy.com/shop/OptimumSolutions,,car
LilCreativeFamily,https://www.etsy.com/shop/LilCreativeFamily,,
Parkers3DPrintsShop,https://www.etsy.com/shop/Parkers3DPrintsShop,,
WheelerCC,https://www.etsy.com/shop/WheelerCC,,
lgonrd,https://www.etsy.com/shop/lgonrd,,wall supports for mini figs
Priscillaprintpalace,https://www.etsy.com/shop/Priscillaprintpalace,,vial cases
LaunchpadDesign,https://www.etsy.com/shop/LaunchpadDesign,,fidgets with magnets
TLPrintEngraving,https://www.etsy.com/shop/TLPrintEngraving,,
ClassifiedDesign,https://www.etsy.com/shop/ClassifiedDesign,,one wheel stands
Bulldog3DStudio,https://www.etsy.com/shop/Bulldog3DStudio,,vial and holders
Carat3dCreations,https://www.etsy.com/shop/Carat3dCreations,,cosplay props
Breslauu3D,https://www.etsy.com/shop/Breslauu3D,,ikea and random holders
DeadOnWorkshop,https://www.etsy.com/shop/DeadOnWorkshop,,tool holders
ColdEarthIndustries,https://www.etsy.com/shop/ColdEarthIndustries,,laptop stands
Haole3DDesigns,https://www.etsy.com/shop/Haole3DDesigns,,keychains and tags n such
ClearChoiceAquatics,https://www.etsy.com/shop/ClearChoiceAquatics,,mostly aquarium related
CustomAutopartsLLC,https://www.etsy.com/shop/CustomAutopartsLLC,,car
WAV3DCreations,https://www.etsy.com/shop/WAV3DCreations,,
Garage3DPrint,https://www.etsy.com/shop/Garage3DPrint,,drawer inserts
3DPSolver,https://www.etsy.com/shop/3DPSolver,,skadis
DRCPrints,https://www.etsy.com/shop/DRCPrints,,
VarietyBySKL,https://www.etsy.com/shop/VarietyBySKL,,wall plates and spacers
TilloLabsStore,https://www.etsy.com/shop/TilloLabsStore,,desk stuff
TheWhitePawPrints,https://www.etsy.com/shop/TheWhitePawPrints,,
CraftyHubDE,https://www.etsy.com/shop/CraftyHubDE,,
PrintMyTools,https://www.etsy.com/shop/PrintMyTools,,
DetailArtFactory,https://www.etsy.com/shop/DetailArtFactory,,skadis for painting and tabletop
PrintItThreeDee,https://www.etsy.com/shop/PrintItThreeDee,,
smartshapes3Dstudio,https://www.etsy.com/shop/smartshapes3Dstudio,,skadis
PlasTechSolutions,https://www.etsy.com/shop/PlasTechSolutions,,
JDand3Designs,https://www.etsy.com/shop/JDand3Designs,,mounts
TinInsertCo,https://www.etsy.com/shop/TinInsertCo,,pill holders
NoOrdinaryLeaf,https://www.etsy.com/shop/NoOrdinaryLeaf,,
ModItDesign,https://www.etsy.com/shop/ModItDesign,,bike and skadis
FlexiFidgetsCo,https://www.etsy.com/shop/FlexiFidgetsCo,,flexi and fidgets
CeksaFabrication,https://www.etsy.com/shop/CeksaFabrication,,altoid inserts?!
Kladis3DStudio,https://www.etsy.com/shop/Kladis3DStudio,,fidget
lalacutters,https://www.etsy.com/shop/lalacutters,,clay cutters
Page3dTools,https://www.etsy.com/shop/Page3dTools,,tool holders
JungleSpaceship,https://www.etsy.com/shop/JungleSpaceship,,plant looking handles
Valor3D,https://www.etsy.com/shop/Valor3D,,car
ConfettiPrinting,https://www.etsy.com/shop/ConfettiPrinting,,cute toys
CryptidsAndClover,https://www.etsy.com/shop/CryptidsAndClover,,
TheCutterfly,https://www.etsy.com/shop/TheCutterfly,,cutters
Alice3DTreasures,https://www.etsy.com/shop/Alice3DTreasures,,toys and deco
FluffyHelpersStore,https://www.etsy.com/shop/FluffyHelpersStore,,various stands
MaricreaSwiss,https://www.etsy.com/shop/MaricreaSwiss,,small hangers
HighByDesign,https://www.etsy.com/shop/HighByDesign,,themed organisers
HappyTappyShop,https://www.etsy.com/shop/HappyTappyShop,,halloween!
TheSpiritDesignCo,https://www.etsy.com/shop/TheSpiritDesignCo,,deco
MikesThingamajigs,https://www.etsy.com/shop/MikesThingamajigs,,skadis and ikea stuff
EasyClayTools,https://www.etsy.com/shop/EasyClayTools,,tools for ceramics
MadSunshineCreations,https://www.etsy.com/shop/MadSunshineCreations,,controller stands
NautolithCrafts,https://www.etsy.com/shop/NautolithCrafts,,custom name shit
USACUTTIE,https://www.etsy.com/shop/USACUTTIE,,pill holders
PhantomFidgets,https://www.etsy.com/shop/PhantomFidgets,,fidgets and magnets
Integrity3Designs,https://www.etsy.com/shop/Integrity3Designs,,skadis and sewing
GeekyThingsUK,https://www.etsy.com/shop/GeekyThingsUK,,
InGearDesign,https://www.etsy.com/shop/InGearDesign,,car
ALTO3DSHOP,https://www.etsy.com/shop/ALTO3DSHOP,,adaptors
3DPrintingWizardry,https://www.etsy.com/shop/3DPrintingWizardry,,various props and head mounts
CreativePlasticsShop,https://www.etsy.com/shop/CreativePlasticsShop,,minecraft themed light switches
TwistedDesignUSA,https://www.etsy.com/shop/TwistedDesignUSA,,deco
CosmicForce3DPrints,https://www.etsy.com/shop/CosmicForce3DPrints,,toy and related
WildAssPrints,https://www.etsy.com/shop/WildAssPrints,,random
EGOMounts,https://www.etsy.com/shop/EGOMounts,,mounts
Makearoni,https://www.etsy.com/shop/Makearoni,,toy and hotwheels
TheOwlchemyNest,https://www.etsy.com/shop/TheOwlchemyNest,,
GalaxyGames3dPrints,https://www.etsy.com/shop/GalaxyGames3dPrints,,toy and nerd dnd
Boom3DDesigns,https://www.etsy.com/shop/Boom3DDesigns,,skadis
TinkerMakerAU,https://www.etsy.com/shop/TinkerMakerAU,,stands and bookcase stuff
KoolTools,https://www.etsy.com/shop/KoolTools,,tools for ceramics
BlueSkyShopUA,https://www.etsy.com/shop/BlueSkyShopUA,,cookie cutters and clay molders
TealCatCreative,https://www.etsy.com/shop/TealCatCreative,,for kids
RazomUK,https://www.etsy.com/shop/RazomUK,,
MaltipooMania,https://www.etsy.com/shop/MaltipooMania,,toy deco
Intrinsic3D,https://www.etsy.com/shop/Intrinsic3D,,fidgets and magnets
StageTop,https://www.etsy.com/shop/StageTop,,
st3ndstore,https://www.etsy.com/shop/st3ndstore,,various stands
TECTLE,https://www.etsy.com/shop/TECTLE,,planters
PottrUK,https://www.etsy.com/shop/PottrUK,,tools for ceramics
JohnFranklinArt,https://www.etsy.com/shop/JohnFranklinArt,,mounts and tools
PoconoPrinting,https://www.etsy.com/shop/PoconoPrinting,,deco
Express3DCustoms,https://www.etsy.com/shop/Express3DCustoms,,lego wall mounts and other
HobbyPilled,https://www.etsy.com/shop/HobbyPilled,,skadis and plant related
JASFDesign,https://www.etsy.com/shop/JASFDesign,,wal mounts for lego
RedFive3D,https://www.etsy.com/shop/RedFive3D,,sci fi props and supports
EternaDecor,https://www.etsy.com/shop/EternaDecor,,deco
ByLastLight,https://www.etsy.com/shop/ByLastLight,,helmet mounts and lamps
PrintingSmarter,https://www.etsy.com/shop/PrintingSmarter,,ikea
MBConception,https://www.etsy.com/shop/MBConception,,
CentrionStudio,https://www.etsy.com/shop/CentrionStudio,,tabletop in fdm
Hox3D,https://www.etsy.com/shop/Hox3D,,wall mounts for lego
HoneycrispLabs,https://www.etsy.com/shop/HoneycrispLabs,,light switches
RelyefPotteryTools,https://www.etsy.com/shop/RelyefPotteryTools,,tools for ceramics
VIZKODesign,https://www.etsy.com/shop/VIZKODesign,,supports
PrinenShop,https://www.etsy.com/shop/PrinenShop,,deco
Trella3DPrints,https://www.etsy.com/shop/Trella3DPrints,,desk mounts
lousbrews,https://www.etsy.com/shop/lousbrews,,tool holders
TechnicallyBuilt,https://www.etsy.com/shop/TechnicallyBuilt,,wall mounts for lego
PDCustomsUK,https://www.etsy.com/shop/PDCustomsUK,,
OverlandEngineering,https://www.etsy.com/shop/OverlandEngineering,,car
my3dbase,https://www.etsy.com/shop/my3dbase,,
VibratoVault,https://www.etsy.com/shop/VibratoVault,,audio related
Houseofdavinci,https://www.etsy.com/shop/Houseofdavinci,,
WeBe3DPrinting,https://www.etsy.com/shop/WeBe3DPrinting,,toys and deco random
ChickaDoodlez,https://www.etsy.com/shop/ChickaDoodlez,,vial holders
RosebudHomeGoods,https://www.etsy.com/shop/RosebudHomeGoods,,
SaninUndJuli3D,https://www.etsy.com/shop/SaninUndJuli3D,,
Creative3DByBen,https://www.etsy.com/shop/Creative3DByBen,,planters and other
LEDBFG,https://www.etsy.com/shop/LEDBFG,,props
LignumAndLight,https://www.etsy.com/shop/LignumAndLight,,skadis
McMaster3D,https://www.etsy.com/shop/McMaster3D,,extremely varied products
TechConnext,https://www.etsy.com/shop/TechConnext,,hot wheels
RogueHomeDesign,https://www.etsy.com/shop/RogueHomeDesign,,various
Creat3DLab,https://www.etsy.com/shop/Creat3DLab,,monitor adaptors
HaBins,https://www.etsy.com/shop/HaBins,,ikea replacement parts
NewSwedishDesign,https://www.etsy.com/shop/NewSwedishDesign,,home goods and bookshelf related
NoTimeLikeTheGift,https://www.etsy.com/shop/NoTimeLikeTheGift,,
CleverContraptions,https://www.etsy.com/shop/CleverContraptions,,
Lulicutter,https://www.etsy.com/shop/Lulicutter,,cutters for clay
WallTune,https://www.etsy.com/shop/WallTune,,acoustic panel hooks and organisers
RoseauxClayCo,https://www.etsy.com/shop/RoseauxClayCo,,cutters
BabylonCutters,https://www.etsy.com/shop/BabylonCutters,,cookie cutters
UltimateDisplay,https://www.etsy.com/shop/UltimateDisplay,,lego mounts
UA3D,https://www.etsy.com/shop/UA3D,,cosplay props
3DudesandDad,https://www.etsy.com/shop/3DudesandDad,,lego mounts
Chucks3DWorkshop,https://www.etsy.com/shop/Chucks3DWorkshop,,trays and various
PixelPagesNZ,https://www.etsy.com/shop/PixelPagesNZ,,painting trays
TheMakersMaker,https://www.etsy.com/shop/TheMakersMaker,,cups and organisers
SenacLLC,https://www.etsy.com/shop/SenacLLC,,organisers and pegboard mounts
WannapigCrafts,https://www.etsy.com/shop/WannapigCrafts,,skadis & organizers
TheFelizCo,https://www.etsy.com/shop/TheFelizCo,,cute small charms
MadebyStack3d,https://www.etsy.com/shop/MadebyStack3d,,pen displays
BeTiStCrafting,https://www.etsy.com/shop/BeTiStCrafting,,adaptors for ikea for baby
PrintyNPainty,https://www.etsy.com/shop/PrintyNPainty,,paint storage and warhammer bases
BurtonDesignWorks,https://www.etsy.com/shop/BurtonDesignWorks,,dnd and painting
SYNERGY3DAu,https://www.etsy.com/shop/SYNERGY3DAu,,skadis holders
PixieCube,https://www.etsy.com/shop/PixieCube,,skadis & cure & home
TheAmazingDonat,https://www.etsy.com/shop/TheAmazingDonat,,mounts & home
FusedLine,https://www.etsy.com/shop/FusedLine,,"coffee related, lots of non printed"
PapelEspresso,https://www.etsy.com/shop/PapelEspresso,,coffee related
3DPrintedByBrian,https://www.etsy.com/shop/3DPrintedByBrian,,random
TimPrintDreams,https://www.etsy.com/shop/TimPrintDreams,,dragons
lunaluminance,https://www.etsy.com/shop/lunaluminance,,lamps
myJeepDuck,https://www.etsy.com/shop/myJeepDuck,,omg ducks!
CapsuleCoInnovations,https://www.etsy.com/shop/CapsuleCoInnovations,,
WhiskerWingStudio,https://www.etsy.com/shop/WhiskerWingStudio,,
TranquilTrinketsCo,https://www.etsy.com/shop/TranquilTrinketsCo,,flexi and dragons
Lemoniac,https://www.etsy.com/shop/Lemoniac,,pins and toys
JANK3DDesigns,https://www.etsy.com/shop/JANK3DDesigns,,toys n ducks
TMLFunCreations,https://www.etsy.com/shop/TMLFunCreations,,
UGotDucky,https://www.etsy.com/shop/UGotDucky,,ducks
Kevins3DKreations,https://www.etsy.com/shop/Kevins3DKreations,,ducks
FlightFlair,https://www.etsy.com/shop/FlightFlair,,ducks & other non 3dp
FluffyDucKeys,https://www.etsy.com/shop/FluffyDucKeys,,keys for keyboard
FrawstedCreations,https://www.etsy.com/shop/FrawstedCreations,,random
SulSimArt,https://www.etsy.com/shop/SulSimArt,,home random
AlexStudio2,https://www.etsy.com/shop/AlexStudio2,,ducks and home
CO3Dprint,https://www.etsy.com/shop/CO3Dprint,,
TDStudiosChicago,https://www.etsy.com/shop/TDStudiosChicago,,signs
RiversLikeNook,https://www.etsy.com/shop/RiversLikeNook,,
JARhomeideas,https://www.etsy.com/shop/JARhomeideas,,
CustomizedDelight,https://www.etsy.com/shop/CustomizedDelight,,signs
Plastangular,https://www.etsy.com/shop/Plastangular,,
MakersRemix,https://www.etsy.com/shop/MakersRemix,,
CelestialCreationsSt,https://www.etsy.com/shop/CelestialCreationsSt,,
Marbol3DWorkshop,https://www.etsy.com/shop/Marbol3DWorkshop,,planters
ShapeLabs,https://www.etsy.com/shop/ShapeLabs,,planters and organisers
LineArtByCharles,https://www.etsy.com/shop/LineArtByCharles,,line art deco
UpstateDesignDecor,https://www.etsy.com/shop/UpstateDesignDecor,,knitted looking toys (3dp)
print24hr,https://www.etsy.com/shop/print24hr,,
CoastlineMaker,https://www.etsy.com/shop/CoastlineMaker,,
manysidestome,https://www.etsy.com/shop/manysidestome,,
3DijkstraFinds,https://www.etsy.com/shop/3DijkstraFinds,,deco de bookshelf
TheGreyHouseshop,https://www.etsy.com/shop/TheGreyHouseshop,,deco baroque
RabbitTreeDesign,https://www.etsy.com/shop/RabbitTreeDesign,,
VampressLorekeeper,https://www.etsy.com/shop/VampressLorekeeper,,
PrintAuSable3D,https://www.etsy.com/shop/PrintAuSable3D,,
MundiDesignLab,https://www.etsy.com/shop/MundiDesignLab,,vases
EAandJLABSLLC,https://www.etsy.com/shop/EAandJLABSLLC,,
Pashmation,https://www.etsy.com/shop/Pashmation,,vases
Fuza3D,https://www.etsy.com/shop/Fuza3D,,
Imperial3DFactory,https://www.etsy.com/shop/Imperial3DFactory,,toys
StardeskCo,https://www.etsy.com/shop/StardeskCo,,rockets
TheLayerLab,https://www.etsy.com/shop/TheLayerLab,,sf deco
PrintGeekStudio,https://www.etsy.com/shop/PrintGeekStudio,,gaming props
CoolGamingStuffGB,https://www.etsy.com/shop/CoolGamingStuffGB,,
AFKPrintsAU,https://www.etsy.com/shop/AFKPrintsAU,,sf deco
PrettyGooseForYou,https://www.etsy.com/shop/PrettyGooseForYou,,
Rabbitforged,https://www.etsy.com/shop/Rabbitforged,,game props
HldMyBeerEngineering,https://www.etsy.com/shop/HldMyBeerEngineering,,game and old props
RobbiesPrintsDesign,https://www.etsy.com/shop/RobbiesPrintsDesign,,
GadgetPrintsCo,https://www.etsy.com/shop/GadgetPrintsCo,,game props
UKJstudio,https://www.etsy.com/shop/UKJstudio,,
DesignWorkLLC,https://www.etsy.com/shop/DesignWorkLLC,,
BereaCraft,https://www.etsy.com/shop/BereaCraft,,signs and poke balls
HarborSouthDesigns,https://www.etsy.com/shop/HarborSouthDesigns,,pokeballs
5thStreetMakes,https://www.etsy.com/shop/5thStreetMakes,,christmas deco poke?
GB3dDesigns,https://www.etsy.com/shop/GB3dDesigns,,
ADHDartisans,https://www.etsy.com/shop/ADHDartisans,,pokeballs and dnd
Sander3DPrint,https://www.etsy.com/shop/Sander3DPrint,,pokeballs
EGx3D,https://www.etsy.com/shop/EGx3D,,mario
PrintWithPetunia,https://www.etsy.com/shop/PrintWithPetunia,,pokeballs
HurstProductLab,https://www.etsy.com/shop/HurstProductLab,,
PencilShortDesign,https://www.etsy.com/shop/PencilShortDesign,,
ProperCrafts,https://www.etsy.com/shop/ProperCrafts,,classic busts and statues
3DPrintPlaceDE,https://www.etsy.com/shop/3DPrintPlaceDE,,
DigitalStudioEXP,https://www.etsy.com/shop/DigitalStudioEXP,,
3DPrimeStudios,https://www.etsy.com/shop/3DPrimeStudios,,sculptures
GirdledGoodsShop,https://www.etsy.com/shop/GirdledGoodsShop,,
ChiclyBuilt,https://www.etsy.com/shop/ChiclyBuilt,,home general
TrinityDesignLabs,https://www.etsy.com/shop/TrinityDesignLabs,,
DelightfullyDutch,https://www.etsy.com/shop/DelightfullyDutch,,small deco
PrintlyChic,https://www.etsy.com/shop/PrintlyChic,,bookshelf related
3Ddruckstodel,https://www.etsy.com/shop/3Ddruckstodel,,bookshelf related
3DGeschenkeJM,https://www.etsy.com/shop/3DGeschenkeJM,,
StormyCreaTeam,https://www.etsy.com/shop/StormyCreaTeam,,
Worldthreedi,https://www.etsy.com/shop/Worldthreedi,,
FableForge3D,https://www.etsy.com/shop/FableForge3D,,
CoalRegionPrints,https://www.etsy.com/shop/CoalRegionPrints,,
Houseofcozycreations,https://www.etsy.com/shop/Houseofcozycreations,,cozy planters
LayerWise,https://www.etsy.com/shop/LayerWise,,
LeafyPlarent,https://www.etsy.com/shop/LeafyPlarent,,planters
KC3DPrintsUK,https://www.etsy.com/shop/KC3DPrintsUK,,
Astonix,https://www.etsy.com/shop/Astonix,,headphone holders
EceTheQueen,https://www.etsy.com/shop/EceTheQueen,,
PrintWithAust,https://www.etsy.com/shop/PrintWithAust,,clickers and random
Rustingo,https://www.etsy.com/shop/Rustingo,,
SayItLoudSIL,https://www.etsy.com/shop/SayItLoudSIL,,
WeLove3D,https://www.etsy.com/shop/WeLove3D,,
Carzdeluxe,https://www.etsy.com/shop/Carzdeluxe,,car related
RevolutionEngLLC,https://www.etsy.com/shop/RevolutionEngLLC,,car related
3DPrintsParts,https://www.etsy.com/shop/3DPrintsParts,,car
BSULDesign,https://www.etsy.com/shop/BSULDesign,,car
3DTacticalDesigns,https://www.etsy.com/shop/3DTacticalDesigns,,
MontanaAngleWorx,https://www.etsy.com/shop/MontanaAngleWorx,,
Mrs3DPrint,https://www.etsy.com/shop/Mrs3DPrint,,
3dtailwaggers,https://www.etsy.com/shop/3dtailwaggers,,
Print4Fun3D,https://www.etsy.com/shop/Print4Fun3D,,
RickedCustoms,https://www.etsy.com/shop/RickedCustoms,,
MakeMoreFish,https://www.etsy.com/shop/MakeMoreFish,,aquarium
NetworkBuck,https://www.etsy.com/shop/NetworkBuck,,computer parts
ZephyrsMarket,https://www.etsy.com/shop/ZephyrsMarket,,
Print3DSteve,https://www.etsy.com/shop/Print3DSteve,,computer parts
PrintShapeSweden,https://www.etsy.com/shop/PrintShapeSweden,,computer and mounts
CalculatedMFG,https://www.etsy.com/shop/CalculatedMFG,,
WallBracketNerd,https://www.etsy.com/shop/WallBracketNerd,,computer mounts
3DHotShop,https://www.etsy.com/shop/3DHotShop,,toys
GGArthouseStudio,https://www.etsy.com/shop/GGArthouseStudio,,lamps and art
wonderland3dprinting,https://www.etsy.com/shop/wonderland3dprinting,,toys
AnimalsAttitude,https://www.etsy.com/shop/AnimalsAttitude,,toy statues
DuckSpecialist,https://www.etsy.com/shop/DuckSpecialist,,ducks
NiceNecessity,https://www.etsy.com/shop/NiceNecessity,,kitchen
DroidWorksStudios,https://www.etsy.com/shop/DroidWorksStudios,,
VerticalMiraclesCo,https://www.etsy.com/shop/VerticalMiraclesCo,,coffee
Paralyse3D,https://www.etsy.com/shop/Paralyse3D,,functional
FusedVisions,https://www.etsy.com/shop/FusedVisions,,coffee and kitchen
MaxsquareStore,https://www.etsy.com/shop/MaxsquareStore,,kitchen
CremaLoop,https://www.etsy.com/shop/CremaLoop,cremaloop.com/pages/about-us,coffee
BaristaGadgets,https://www.etsy.com/shop/BaristaGadgets,,coffee and non 3dp parts
K2KustomsLLC,https://www.etsy.com/shop/K2KustomsLLC,,
PoppedPrinting,https://www.etsy.com/shop/PoppedPrinting,,
MarkvickaDesigns,https://www.etsy.com/shop/MarkvickaDesigns,,paint holders
MarksMandalas,https://www.etsy.com/shop/MarksMandalas,,paint holders
WormPopLabs,https://www.etsy.com/shop/WormPopLabs,,kitchen and house
DecorKrueger,https://www.etsy.com/shop/DecorKrueger,,
OffDaBench,https://www.etsy.com/shop/OffDaBench,,
3DSchmelzwerk,https://www.etsy.com/shop/3DSchmelzwerk,,
ShellypartsShop,https://www.etsy.com/shop/ShellypartsShop,,
UtilityCreations,https://www.etsy.com/shop/UtilityCreations,,skadis and drawers
DecordsStore,https://www.etsy.com/shop/DecordsStore,,interior design
DoodlesEmpire,https://www.etsy.com/shop/DoodlesEmpire,,shelves and deco
WyvernCAD,https://www.etsy.com/shop/WyvernCAD,,deco
DZNFORPPL,https://www.etsy.com/shop/DZNFORPPL,,
TheInsideJungle,https://www.etsy.com/shop/TheInsideJungle,,plant related
ideabaydesignstyle,https://www.etsy.com/shop/ideabaydesignstyle,,mushrooms
Williams3DShop,https://www.etsy.com/shop/Williams3DShop,,planters and organisers
MonarchDesignGB,https://www.etsy.com/shop/MonarchDesignGB,,
PrintsCharmingThreeD,https://www.etsy.com/shop/PrintsCharmingThreeD,,
NextGenModeling,https://www.etsy.com/shop/NextGenModeling,,
FablesandFilament,https://www.etsy.com/shop/FablesandFilament,,
ClemmyCreations,https://www.etsy.com/shop/ClemmyCreations,,cute and holders
LittleDorkyDesigns,https://www.etsy.com/shop/LittleDorkyDesigns,,
infinityprintworks3d,https://www.etsy.com/shop/infinityprintworks3d,,
Drimzy3D,https://www.etsy.com/shop/Drimzy3D,,
LayeredEleganceNL,https://www.etsy.com/shop/LayeredEleganceNL,,
backroadslab,https://www.etsy.com/shop/backroadslab,etsy.com/shop/backroadslab/?etsrc=sdt&utm_source=ig&utm_medium=social&utm_content=link_in_bio&fbclid=pazxh0bgnhzw0cmteac3j0ywzhchbfawqmmju2mjgxmdqwntu4aagnqu8i06fagtremeuqx1ukticpg-7sxgq8ab09bpsiv3igzadn_xecfi1ch8s_aem_x_tdjd3ezyf78btu0xdxmw,some bike parts
croak3dcraft,https://www.etsy.com/shop/croak3dcraft,instagram.com/croak3dcraft,
FlexiFactoryStore,https://www.etsy.com/shop/FlexiFactoryStore,,https://www.etsy.com/shop/FlexiFactoryStore
3dprintexplorer,https://www.etsy.com/shop/3dprintexplorer,,"product seller, https://www.etsy.com/shop/3dprintexplorer"
WoowConcept3D,https://www.etsy.com/shop/WoowConcept3D,,stl seller on etsy
